{"cameraMode":{"drawMode":0,"name":"Shaded","section":"Shading Mode"},"sceneLighting":true,"audioPlay":false,"sceneViewState":{"showFog":true,"showMaterialUpdate":false,"showSkybox":false,"showFlares":true,"showImageEffects":true,"showParticleSystems":true},"in2DMode":false,"pivot":{"x":-44.99272155761719,"y":5.299999237060547,"z":13.680000305175782},"rotation":{"x":-0.05593954026699066,"y":0.9420384168624878,"z":-0.2620789110660553,"w":-0.20360852777957917},"size":160.75596618652345,"orthographic":false}