{"cameraMode":{"drawMode":0,"name":"Shaded","section":"Shading Mode"},"sceneLighting":true,"audioPlay":false,"sceneViewState":{"showFog":true,"showMaterialUpdate":false,"showSkybox":false,"showFlares":true,"showImageEffects":true,"showParticleSystems":true},"in2DMode":false,"pivot":{"x":-40.40489196777344,"y":-5.255972862243652,"z":15.611090660095215},"rotation":{"x":0.0862569734454155,"y":-0.6715987324714661,"z":0.07913503050804138,"w":0.7318239808082581},"size":11.444202423095704,"orthographic":false}