{"cameraMode":{"drawMode":0,"name":"Shaded","section":"Shading Mode"},"sceneLighting":true,"audioPlay":false,"sceneViewState":{"showFog":true,"showMaterialUpdate":false,"showSkybox":false,"showFlares":true,"showImageEffects":true,"showParticleSystems":true},"in2DMode":false,"pivot":{"x":-64.53607177734375,"y":-6.177534580230713,"z":12.415376663208008},"rotation":{"x":0.001277363277040422,"y":0.7160646915435791,"z":-0.001281243865378201,"w":0.698249340057373},"size":6.383384704589844,"orthographic":false}