{"cameraMode":{"drawMode":0,"name":"Shaded","section":"Shading Mode"},"sceneLighting":true,"audioPlay":false,"sceneViewState":{"showFog":true,"showMaterialUpdate":false,"showSkybox":false,"showFlares":true,"showImageEffects":true,"showParticleSystems":true},"in2DMode":false,"pivot":{"x":-21.762285232543947,"y":-4.771420478820801,"z":8.01052188873291},"rotation":{"x":0.2572672367095947,"y":-0.1685677468776703,"z":0.045623160898685458,"w":0.9505870342254639},"size":20.4550838470459,"orthographic":false}