{"cameraMode":{"drawMode":0,"name":"Shaded","section":"Shading Mode"},"sceneLighting":true,"audioPlay":false,"sceneViewState":{"showFog":true,"showMaterialUpdate":false,"showSkybox":false,"showFlares":true,"showImageEffects":true,"showParticleSystems":true},"in2DMode":false,"pivot":{"x":-95.15592193603516,"y":15.007142066955567,"z":-26.353004455566408},"rotation":{"x":0.13541117310523988,"y":-0.3053038418292999,"z":0.0438859686255455,"w":0.9417144060134888},"size":-22.515676498413087,"orthographic":false}