{"cameraMode":{"drawMode":0,"name":"Shaded","section":"Shading Mode"},"sceneLighting":true,"audioPlay":false,"sceneViewState":{"showFog":true,"showMaterialUpdate":false,"showSkybox":false,"showFlares":true,"showImageEffects":true,"showParticleSystems":true},"in2DMode":false,"pivot":{"x":-100.76763153076172,"y":-4.574855327606201,"z":2.139871597290039},"rotation":{"x":0.13815456628799439,"y":-0.3345933258533478,"z":0.049631040543317798,"w":0.9310210347175598},"size":10.937214851379395,"orthographic":false}