{"cameraMode":{"drawMode":0,"name":"Shaded","section":"Shading Mode"},"sceneLighting":false,"audioPlay":false,"sceneViewState":{"showFog":true,"showMaterialUpdate":false,"showSkybox":false,"showFlares":true,"showImageEffects":true,"showParticleSystems":true},"in2DMode":false,"pivot":{"x":0.0,"y":0.7528939843177795,"z":-7.450580596923828e-8},"rotation":{"x":0.2907477617263794,"y":-0.07025197148323059,"z":0.02141696587204933,"w":0.9540544748306274},"size":0.18188898265361787,"orthographic":false}