{"cameraMode":{"drawMode":0,"name":"Shaded","section":"Shading Mode"},"sceneLighting":true,"audioPlay":false,"sceneViewState":{"showFog":true,"showMaterialUpdate":false,"showSkybox":false,"showFlares":true,"showImageEffects":true,"showParticleSystems":true},"in2DMode":false,"pivot":{"x":-75.97084045410156,"y":-4.640108585357666,"z":11.112135887145996},"rotation":{"x":0.11675629019737244,"y":0.17192195355892182,"z":-0.020529361441731454,"w":0.9781051874160767},"size":14.870413780212403,"orthographic":false}