{"cameraMode":{"drawMode":0,"name":"Shaded","section":"Shading Mode"},"sceneLighting":true,"audioPlay":false,"sceneViewState":{"showFog":true,"showMaterialUpdate":false,"showSkybox":false,"showFlares":true,"showImageEffects":true,"showParticleSystems":true},"in2DMode":false,"pivot":{"x":-8.785042762756348,"y":-6.8701677322387699,"z":12.42390251159668},"rotation":{"x":0.10357116162776947,"y":-0.03581022471189499,"z":0.0037315567024052145,"w":0.9941239356994629},"size":16.949926376342775,"orthographic":false}