{"cameraMode":{"drawMode":0,"name":"Shaded","section":"Shading Mode"},"sceneLighting":true,"audioPlay":false,"sceneViewState":{"showFog":true,"showMaterialUpdate":false,"showSkybox":false,"showFlares":true,"showImageEffects":true,"showParticleSystems":true},"in2DMode":false,"pivot":{"x":-55.953887939453128,"y":-9.388270378112793,"z":12.113611221313477},"rotation":{"x":-0.13286563754081727,"y":0.8667792677879334,"z":-0.3396640121936798,"w":-0.34114140272140505},"size":19.664505004882814,"orthographic":false}