{"cameraMode":{"drawMode":0,"name":"Shaded","section":"Shading Mode"},"sceneLighting":true,"audioPlay":false,"sceneViewState":{"showFog":true,"showMaterialUpdate":false,"showSkybox":false,"showFlares":true,"showImageEffects":true,"showParticleSystems":true},"in2DMode":false,"pivot":{"x":-85.73995971679688,"y":-5.8831586837768559,"z":11.725930213928223},"rotation":{"x":0.13038775324821473,"y":0.32240030169487,"z":-0.044861845672130588,"w":0.936671793460846},"size":4.631286144256592,"orthographic":false}