{"cameraMode":{"drawMode":0,"name":"Shaded","section":"Shading Mode"},"sceneLighting":true,"audioPlay":false,"sceneViewState":{"showFog":true,"showMaterialUpdate":false,"showSkybox":false,"showFlares":true,"showImageEffects":true,"showParticleSystems":true},"in2DMode":false,"pivot":{"x":-53.69488525390625,"y":-2.635000228881836,"z":7.385505676269531},"rotation":{"x":-0.17815959453582765,"y":0.8212989568710327,"z":-0.3560676574707031,"w":-0.4102898836135864},"size":263.76568603515627,"orthographic":false}