{"cameraMode":{"drawMode":0,"name":"Shaded","section":"Shading Mode"},"sceneLighting":true,"audioPlay":false,"sceneViewState":{"showFog":true,"showMaterialUpdate":false,"showSkybox":false,"showFlares":true,"showImageEffects":true,"showParticleSystems":true},"in2DMode":false,"pivot":{"x":-35.593807220458987,"y":-3.5352981090545656,"z":10.581570625305176},"rotation":{"x":0.11844278872013092,"y":0.04169183969497681,"z":-0.004977151285856962,"w":0.992223858833313},"size":22.1239070892334,"orthographic":false}