{"cameraMode":{"drawMode":0,"name":"Shaded","section":"Shading Mode"},"sceneLighting":true,"audioPlay":false,"sceneViewState":{"showFog":true,"showMaterialUpdate":false,"showSkybox":false,"showFlares":true,"showImageEffects":true,"showParticleSystems":true},"in2DMode":false,"pivot":{"x":-113.59554290771485,"y":-7.599150657653809,"z":10.737167358398438},"rotation":{"x":0.13541117310523988,"y":-0.3053038418292999,"z":0.0438859686255455,"w":0.9417144060134888},"size":3.5684094429016115,"orthographic":false}