{"cameraMode":{"drawMode":0,"name":"Shaded","section":"Shading Mode"},"sceneLighting":true,"audioPlay":false,"sceneViewState":{"showFog":true,"showMaterialUpdate":false,"showSkybox":false,"showFlares":true,"showImageEffects":true,"showParticleSystems":true},"in2DMode":false,"pivot":{"x":-17.52501106262207,"y":-6.256789207458496,"z":13.967825889587403},"rotation":{"x":0.1192648783326149,"y":-0.401623010635376,"z":0.052864715456962588,"w":0.9066342115402222},"size":15.81283187866211,"orthographic":false}