{"cameraMode":{"drawMode":0,"name":"Shaded","section":"Shading Mode"},"sceneLighting":true,"audioPlay":false,"sceneViewState":{"showFog":true,"showMaterialUpdate":false,"showSkybox":false,"showFlares":true,"showImageEffects":true,"showParticleSystems":true},"in2DMode":false,"pivot":{"x":-56.25120162963867,"y":-6.754420280456543,"z":13.250016212463379},"rotation":{"x":0.20956289768218995,"y":0.3215307295322418,"z":-0.07319718599319458,"w":0.9206757545471191},"size":12.007772445678711,"orthographic":false}