{"cameraMode":{"drawMode":0,"name":"Shaded","section":"Shading Mode"},"sceneLighting":false,"audioPlay":false,"sceneViewState":{"showFog":true,"showMaterialUpdate":false,"showSkybox":false,"showFlares":true,"showImageEffects":true,"showParticleSystems":true},"in2DMode":false,"pivot":{"x":0.0,"y":0.7528939843177795,"z":-7.450580596923828e-8},"rotation":{"x":-0.13286563754081727,"y":0.8667792677879334,"z":-0.3396640121936798,"w":-0.34114140272140505},"size":0.18188898265361787,"orthographic":false}